CMT,DeepInteraction,TransFusion,Sparsefusion,BEVfusion,IS-Fusion
0.8893004115226337,0.799826313504125,0.7689158667419536,0.800956937799043,0.8093505039193729,0.7593243243243243
0.8491083676268861,0.7687074829931974,0.7556465273856577,0.7797676008202323,0.7799552071668533,0.7382432432432433
0.7618655692729767,0.7086409031697786,0.7180971202710333,0.7295967190704031,0.7325027995520716,0.6912162162162162
