CMT,DeepInteraction,TransFusion,Sparsefusion,BEVfusion,IS-Fusion
0.9654320987654321,0.9820523954262557,0.9960474308300394,0.9849624060150376,0.9752239641657334,0.9727027027027028
0.9399176954732511,0.9724996381531338,0.9939299830604177,0.9768967874231032,0.9676651735722285,0.9582432432432432
0.9060356652949245,0.9515125199015777,0.9891304347826086,0.9622693096377306,0.958986562150056,0.9347297297297297
