CMT,DeepInteraction,TransFusion,Sparsefusion,BEVfusion
0.9672153635116597,0.9544072948328268,0.9916713721061547,0.9736158578263842,0.9784434490481522
0.9470507544581619,0.9284990591981473,0.9875776397515528,0.9622693096377306,0.967245240761478
0.9308641975308642,0.9051961210015921,0.9850367024280067,0.9539302802460696,0.9603863381858903
