CMT,DeepInteraction,TransFusion,Sparsefusion,BEVfusion
0.9991769547325103,0.9907367202200029,0.9994353472614341,0.998222829801777,0.9974804031354982
0.9893004115226337,0.9794470979881315,0.9978825522303783,0.9920710868079289,0.9872620380739082
0.9652949245541839,0.9820523954262557,0.9960474308300394,0.9849624060150376,0.9755039193729003
