CMT,DeepInteraction,TransFusion,Sparsefusion,BEVfusion
0.9566529492455419,0.8377478651034882,0.9184076792772444,0.9244019138755981,0.9175531914893617
0.8953360768175582,0.701114488348531,0.8464144551101073,0.8559125085440874,0.8372060470324747
0.5670781893004115,0.21016066000868433,0.4981648785996612,0.5209842788790157,0.5016797312430011
