CMT,DeepInteraction,TransFusion,Sparsefusion,BEVfusion
0.9618655692729767,0.9439861050803301,0.9251835121400338,0.9406698564593301,0.9356103023516237
0.9374485596707819,0.9034592560428427,0.8738001129305477,0.8992481203007519,0.8929171332586786
0.8751714677640604,0.7986684035316254,0.752540937323546,0.7980861244019138,0.7877939529675251
