CMT,DeepInteraction,TransFusion,Sparsefusion,BEVfusion
0.9363511659807956,0.8918801563178463,0.8783173348390739,0.9012987012987013,0.8952967525195967
0.8056241426611798,0.6616008105369808,0.6480801806888763,0.7025290498974709,0.6857502799552071
0.6168724279835391,0.41091330149080907,0.37210615471485037,0.46206425153793573,0.44778835386338184
