CMT,DeepInteraction,TransFusion,Sparsefusion,BEVfusion,IS-Fusion
0.9566529492455419,0.8377478651034882,0.9184076792772444,0.9244019138755981,0.9175531914893617,0.9049999999999999
0.8953360768175582,0.701114488348531,0.8464144551101073,0.8559125085440874,0.8372060470324747,0.8252702702702703
0.5670781893004115,0.21016066000868433,0.4981648785996612,0.5209842788790157,0.5016797312430011,0.5328378378378378
