CMT,DeepInteraction,TransFusion,Sparsefusion,BEVfusion
0.9015089163237312,0.8885511651469099,0.8901750423489554,0.8917293233082706,0.8875979843225084
0.7791495198902606,0.7579968157475757,0.7675042348955392,0.7685577580314422,0.7658174692049272
0.6842249657064472,0.6576928643797946,0.6727837380011293,0.6699931647300068,0.5718085106382979
