CMT,DeepInteraction,TransFusion,Sparsefusion,BEVfusion
0.9849108367626886,0.9050513822550297,0.9905420666290231,0.9729323308270676,0.9851623740201567
0.9751714677640604,0.841800550007237,0.9853190287972896,0.9543403964456596,0.9743840985442329
0.9614540466392318,0.7791286727456941,0.9805194805194805,0.9345181134654819,0.9620660694288914
