CMT,DeepInteraction,TransFusion,Sparsefusion,BEVfusion,IS-Fusion
0.8864197530864197,0.8486032710956725,0.8057594579333709,0.8285714285714285,0.8262877939529676,0.8406756756756757
0.803840877914952,0.7257200752641482,0.672077922077922,0.7038961038961039,0.691909294512878,0.7045945945945946
0.7362139917695473,0.6176002315819946,0.5780632411067194,0.6098427887901572,0.597144456886898,0.5890540540540541
