CMT,DeepInteraction,TransFusion,Sparsefusion,BEVfusion
0.9445816186556928,0.9480387899840789,0.9496047430830039,0.9565276828434722,0.9603863381858903
0.8441700960219478,0.8323925314806774,0.8297571993224166,0.8522214627477784,0.8702407614781635
0.7348422496570645,0.7148646692719641,0.6979107848673066,0.7346548188653451,0.7663773796192609
